date,member,player_id,role,power,level,contribution,contribution_total,class,class_level,atk,def,hp,spd,weapon,second_hand,helmet,chestplate,boots,technique_1,technique_2,technique_3,technique_4,charm_1,charm_2,charm_3,charm_4
2026-10-05,Backshits,700181004474,Leader,46300000,174,790,2200,Templar,477,2190000,2590000,12600000,1990000,190,190,190,185,186,181,181,181,181,181,181,181,180
2026-10-05,Comeshots,700181005085,Member,29600000,172,760,27100,Magister,376,1970000,1170000,7410000,1170000,185,185,180,181,185,174,174,174,174,174,174,173,173
2026-10-05,Rukacheese,700181002875,Deputy,28100000,173,760,27600,Prophet,304,1900000,1400000,7780000,1350000,190,185,185,185,188,185,185,185,185,185,184,184,184
2026-10-05,Vicious,700181004878,Officer,27700000,173,790,28300,Magister,329,1800000,1320000,6140000,1330000,180,177,175,175,175,174,174,174,174,174,174,174,173
2026-10-05,Beetlejuice,700181004094,Officer,25500000,172,720,29500,Templar,328,1320000,1340000,6740000,4000000,170,166,170,170,170,164,163,163,163,163,163,163,163
2026-10-05,TheArroW1,700181001505,Member,25000000,171,790,25600,Prophet,270,1510000,1280000,7610000,1080000,185,180,180,181,180,175,175,175,174,174,174,174,174
2026-10-05,fable,700181001376,Deputy,24900000,172,740,29200,Magister,293,1620000,1200000,6070000,1200000,175,175,170,170,170,173,173,173,172,172,172,172,172
2026-10-05,Ikuun,700181003910,Member,22900000,168,540,25200,Magister,524,1480000,2000000,6930000,1060000,171,170,168,165,168,165,165,165,165,164,164,164,164
2026-10-05,Alka,700181002226,Officer,22300000,168,820,29900,Templar,295,1110000,1200000,6100000,1120000,170,175,170,173,170,163,163,163,163,163,163,163,162
2026-10-05,Sanbayomar,700181002614,Member,21700000,168,770,7630,Ravager,253,1420000,1060000,6050000,1160000,170,170,166,165,165,166,165,165,165,165,165,165,165
2026-10-05,heppi,700181003373,Member,21300000,170,830,2530,Magister,240,1410000,1220000,5690000,848000,164,164,163,163,163,158,158,158,157,157,157,157,158
2026-10-05,WukaPyon,700181003329,Member,20100000,168,790,28400,Templar,248,1160000,1200000,6160000,853000,168,170,170,170,170,172,172,172,172,172,172,172,172
2026-10-05,Lazzarrot,700181004960,Member,19900000,168,810,22000,Templar,235,1070000,1180000,6030000,813000,165,160,165,165,162,158,158,158,158,158,158,157,157
2026-10-05,Raindropx,700181003559,Member,19700000,167,550,23800,Magister,250,1210000,988000,4920000,987000,165,160,165,160,166,162,162,161,161,161,161,161,161
2026-10-05,JustNiko,700181000843,Member,19500000,167,580,2570,Ravager,240,1030000,1060000,5400000,3000000,173,170,170,170,175,165,165,165,165,165,164,164,164
2026-10-05,Xeniboo,700181000208,Officer,19100000,169,560,20800,Magister,340,1180000,1060000,4670000,896000,175,175,175,175,173,162,162,162,161,161,161,161,161
2026-10-05,GodofCats,700181002457,Member,19000000,168,500,2430,Magister,275,1160000,966000,5840000,743000,175,174,170,170,170,163,163,163,163,163,163,162,162
2026-10-05,Mazinaral,700181000637,Member,19000000,168,770,9110,Templar,235,1020000,1210000,5570000,894000,170,170,170,170,170,156,156,156,156,156,156,156,155
2026-10-05,BigDyco,700181000372,Member,18900000,166,440,5750,Ravager,236,1110000,4000000,5260000,837000,178,160,160,160,160,160,160,160,160,159,159,159,159
2026-10-05,Sairende,700181000699,Member,18800000,167,540,2360,Templar,231,841000,1310000,4460000,933000,160,165,160,160,160,159,160,159,159,159,159,159,158
2026-10-05,Pearleey,700181004307,Member,18700000,168,610,27300,Prophet,250,1060000,849000,5680000,924000,170,170,167,165,170,163,163,163,162,162,162,162,162
2026-10-05,Komodo,700181003854,Member,18400000,167,790,2930,Ravager,245,1050000,987000,4160000,1020000,160,155,155,155,155,157,157,157,157,157,156,156,156
2026-10-05,Mossfrog,700181002666,Member,18100000,167,750,12400,Prophet,281,1130000,890000,6040000,730000,161,161,161,161,161,162,161,161,161,161,161,161,161
2026-10-05,Prout,700181004705,Member,18000000,167,700,22700,Ravager,276,1050000,926000,4210000,757000,165,165,165,160,160,155,155,155,155,155,155,155,154
2026-10-05,Lathoxa,700181002695,Member,17600000,166,730,19300,Prophet,236,1030000,829000,5590000,670000,166,165,165,165,165,155,155,155,155,155,155,155,155
2026-10-05,Laco,700181001157,Member,17400000,165,460,18100,Magister,279,1070000,838000,4470000,762000,170,160,160,170,170,158,158,158,158,157,157,157,157
2026-10-05,Marraketa,700181004402,Member,17200000,166,630,9340,Ravager,231,929000,1000000,4600000,691000,169,166,165,165,164,156,156,156,156,156,156,156,156
2026-10-05,Delavil,700181005263,Member,17100000,165,580,1710,Magister,237,1260000,933000,4100000,639000,155,150,151,150,150,149,149,149,149,149,149,149,148
2026-10-05,Starfall,700181005249,Member,16900000,165,50,4190,Magister,236,1000000,898000,3880000,737000,160,160,160,160,156,156,156,156,156,156,155,155,155
2026-10-05,Dandan,700181000033,Member,16200000,165,360,5350,Ravager,274,875000,800000,3700000,666000,152,150,150,150,150,152,151,151,151,151,151,151,151
2026-10-05,Zomgbbqpizza,700181000561,Member,16000000,166,850,1140,Ravager,213,1010000,752000,4320000,894000,160,160,155,155,155,157,157,157,156,156,156,156,156
2026-10-05,Maxi3o,700181002011,Member,15500000,165,560,7780,Prophet,246,911000,698000,4530000,682000,165,164,169,164,164,153,153,153,153,153,153,152,152
2026-10-05,Nyxborne,700181000540,Member,15000000,161,10,6690,Magister,261,913000,926000,3260000,640000,154,154,154,156,154,147,147,147,147,146,146,146,146
2026-10-05,Opressor87,700181002893,Member,14700000,164,110,2510,Magister,261,936000,759000,3400000,541000,154,155,154,155,154,153,153,152,152,152,152,152,152
2026-10-05,MrAxel,700181001679,Member,13500000,162,720,7740,Ravager,248,632000,617000,3130000,646000,170,170,165,165,160,151,151,151,151,151,151,151,151
2026-10-05,Grimlin,700181003857,Member,12900000,163,380,17200,Magister,215,639000,675000,2950000,543000,152,152,151,151,151,173,173,173,173,173,173,173,173
2026-10-05,Fej,700181001229,Member,12100000,164,280,8960,Magister,200,700000,575000,3230000,471000,155,155,154,155,155,156,156,156,156,155,155,155,155
2026-10-05,LaBoniche,700181005193,Member,12000000,154,0,22600,Prophet,220,668000,558000,3560000,439000,160,158,160,144,151,150,150,150,149,149,149,149,149
2026-10-05,badjuju,700181005222,Member,11900000,162,420,20800,Prophet,203,607000,635000,2960000,508000,155,155,155,154,154,157,157,157,157,157,157,157,157
2026-10-05,Yruelf,700181005127,Member,11700000,154,0,22000,Templar,226,531000,642000,2800000,460000,160,160,154,142,160,148,148,148,148,148,148,148,148
2026-10-05,bioseb31,700181005285,Member,11600000,154,0,23800,Templar,192,583000,619000,3190000,551000,145,144,145,145,145,147,146,146,146,146,146,146,146
2026-10-05,KneeGear,700181005267,Member,11600000,152,0,22400,Prophet,190,544000,605000,3450000,517000,145,140,140,145,145,145,144,144,144,144,144,144,144
2026-10-05,Yeah,700181004183,Member,10400000,156,290,4860,Ravager,183,564000,531000,2680000,431000,160,158,160,160,160,149,149,149,148,148,148,148,148
2026-10-05,SergoProxy,700181005228,Member,10400000,150,140,18700,Prophet,244,553000,493000,2970000,469000,145,140,143,143,145,144,144,143,143,143,143,143,143
2026-10-05,Armarouge,700181002272,Member,9910000,146,0,300,Templar,192,503000,562000,2640000,368000,145,145,145,145,143,143,143,142,142,142,142,142,142
2026-10-05,Kvothe5oo,700181002440,Member,9290000,152,230,1090,Ravager,192,498000,412000,2210000,378000,150,150,150,150,150,150,150,150,150,150,150,150,150
2026-10-05,Pinecone,700181004263,Member,8170000,147,0,2300,Dominator,175,423000,420000,2590000,409000,147,147,147,147,147,142,142,142,142,142,142,142,141
2026-10-05,Zabakos,700181004026,Member,6920000,141,10,920,Guardian,172,650000,328000,1480000,233000,140,140,137,135,136,140,140,140,140,140,140,140,140
2026-10-05,psycho,700181002766,Member,6700000,137,0,4910,Destroyer,172,423000,310000,1570000,268000,144,144,145,135,130,136,136,136,136,136,136,136,136
2026-10-05,Katunis,700181005305,Member,6230000,130,0,19700,Destroyer,219,360000,294000,1400000,265000,132,130,130,130,130,130,130,130,130,130,130,130,130
2026-10-05,Siflee,700181005268,Member,6030000,132,0,15000,Dominator,179,325000,304000,1570000,231000,130,130,130,130,130,130,130,130,130,130,130,130,130
2026-10-05,Asahi,700181001759,Member,5540000,130,0,6240,Destroyer,193,356000,274000,1570000,239000,130,130,130,130,130,130,130,130,130,130,130,130,130
2026-10-05,Gwladys,700181003141,Member,5420000,137,0,3710,Destroyer,156,306000,264000,1580000,226000,140,140,140,140,139,137,137,137,137,137,137,137,137
2026-10-05,Icaro,700181003971,Member,5110000,130,0,10400,Conqueror,204,275000,280000,1230000,220000,130,130,130,130,130,130,130,130,130,130,130,130,130
2026-10-05,Gunther,700181004824,Member,4470000,130,0,9600,Destroyer,166,272000,234000,1170000,185000,130,130,130,130,130,130,130,130,130,130,130,130,130
2026-10-05,Apocalypse,700181004127,Member,4330000,130,0,6720,Conqueror,153,233000,207000,970000,201000,128,125,125,125,125,130,130,130,130,130,130,130,130
2026-10-05,kynoka,700181004956,Member,3160000,119,0,6120,Dominator,127,170000,163000,962000,128000,115,115,110,110,111,110,110,110,110,110,109,109,109
2026-10-05,KaminaKito,700181005111,Member,1420000,101,50,540,Arcanist,,81500,74800,403000,63200,104,99,89,89,89,99,98,98,98,98,98,98,98
2026-10-05,Amity13,700181004534,Member,704000,80,0,50,Duelist,80,40200,39900,200000,7000,79,79,79,74,74,80,80,80,80,80,80,80,80
