date,member,role,power,level,contribution,event_score,event_participation
2026-08-10,Aldric,Leader,7415976,40,5960,54233,49
2026-08-10,Brynja,Officer,4014293,40,6936,63754,58
2026-08-10,Caelum,Officer,6794477,39,4206,13603,24
2026-08-10,Dorian,Officer,2849466,41,6602,64807,64
2026-08-10,Elowen,Member,6902834,41,10851,34144,58
2026-08-10,Fenris,Member,5732946,41,6083,31627,43
2026-08-10,Garrick,Member,2137267,50,10390,69704,79
2026-08-10,Hestia,Member,4933564,43,10788,86021,87
2026-08-10,Isolde,Member,4869778,39,2692,47897,39
2026-08-10,Jorund,Member,5027929,47,3304,10628,27
2026-08-10,Kaelith,Member,5984299,46,7527,36922,87
2026-08-10,Lyra,Member,2694484,46,9386,43178,67
2026-08-10,Marek,Member,5089339,47,4796,30578,31
2026-08-10,Nyssa,Member,7888846,41,13468,118044,96
2026-08-10,Orin,Member,4020106,51,5688,40429,44
2026-08-10,Pella,Member,7444492,52,4902,23766,44
2026-08-10,Quill,Member,3813433,49,10673,37140,100
2026-08-10,Rowan,Member,7783560,40,3336,33222,32
2026-08-10,Sable,Member,8201222,41,6039,61183,57
2026-08-10,Theron,Member,7679691,50,5294,65956,67
2026-08-10,Ulric,Member,8586029,51,9936,33813,86
2026-08-10,Vesper,Member,9049736,44,2621,21771,26
2026-08-10,Wren,Member,6936679,52,5908,20632,46
2026-08-10,Xander,Member,6482839,45,7820,37252,80
2026-08-17,Aldric,Leader,7526001,41,4914,40968,42
2026-08-17,Brynja,Officer,4102780,40,7116,67284,78
2026-08-17,Caelum,Officer,6973850,39,3861,37489,28
2026-08-17,Dorian,Officer,2887419,42,4674,89297,52
2026-08-17,Elowen,Member,7119847,42,7834,97143,72
2026-08-17,Fenris,Member,5822236,41,6418,23378,35
2026-08-17,Garrick,Member,2260188,50,10815,74440,73
2026-08-17,Hestia,Member,5023135,43,10458,106395,100
2026-08-17,Isolde,Member,4916797,39,2925,24700,35
2026-08-17,Jorund,Member,5110711,47,4017,11526,31
2026-08-17,Kaelith,Member,6079673,47,9838,61219,71
2026-08-17,Lyra,Member,2744187,47,5921,55137,64
2026-08-17,Marek,Member,5183268,47,4397,26834,35
2026-08-17,Nyssa,Member,8146911,41,13549,47441,100
2026-08-17,Orin,Member,4090231,52,4108,47506,41
2026-08-17,Pella,Member,7661904,52,5669,48020,59
2026-08-17,Quill,Member,3856868,49,12226,52624,79
2026-08-17,Rowan,Member,7952294,40,3074,40110,36
2026-08-17,Sable,Member,8270341,42,7485,32758,58
2026-08-17,Theron,Member,7948028,51,5488,30271,82
2026-08-17,Ulric,Member,8722214,51,11696,61230,70
2026-08-17,Vesper,Member,9191823,44,4586,38337,34
2026-08-17,Wren,Member,7319588,53,3290,32361,31
2026-08-17,Xander,Member,6846684,45,10218,77598,78
2026-08-24,Aldric,Leader,7634516,42,6131,23778,35
2026-08-24,Brynja,Officer,4259925,41,10462,67909,79
2026-08-24,Caelum,Officer,7295368,40,3675,18926,26
2026-08-24,Dorian,Officer,2919161,42,6403,69309,78
2026-08-24,Elowen,Member,7404927,42,5492,46343,85
2026-08-24,Fenris,Member,5946883,42,4729,44917,40
2026-08-24,Garrick,Member,2365780,50,7220,72470,56
2026-08-24,Hestia,Member,5099396,43,12228,111921,100
2026-08-24,Isolde,Member,5000183,40,3505,21234,39
2026-08-24,Jorund,Member,5228847,47,2319,25004,31
2026-08-24,Kaelith,Member,6154981,47,9967,42661,91
2026-08-24,Lyra,Member,2796604,47,5494,72123,68
2026-08-24,Marek,Member,5229155,48,3319,40589,28
2026-08-24,Nyssa,Member,8460896,41,10081,110745,100
2026-08-24,Orin,Member,4161208,52,4116,54896,46
2026-08-24,Pella,Member,7773716,52,4430,36647,43
2026-08-24,Quill,Member,3898694,50,9453,43925,100
2026-08-24,Rowan,Member,8246256,40,3839,39587,31
2026-08-24,Sable,Member,8432759,42,7380,33249,44
2026-08-24,Theron,Member,8282592,51,7640,35525,83
2026-08-24,Ulric,Member,8788536,52,8582,114550,82
2026-08-24,Vesper,Member,9538985,44,3815,33582,36
2026-08-24,Wren,Member,7587649,54,5860,42439,44
2026-08-24,Xander,Member,7263049,46,9277,76556,59
2026-08-31,Aldric,Leader,7713449,42,3900,32322,52
2026-08-31,Brynja,Officer,4357515,42,7069,48914,56
2026-08-31,Caelum,Officer,7517973,40,3031,12468,27
2026-08-31,Dorian,Officer,2998335,42,8438,34644,72
2026-08-31,Elowen,Member,7656832,43,7024,67396,82
2026-08-31,Fenris,Member,6188624,42,5997,60720,52
2026-08-31,Garrick,Member,2464517,51,7869,30900,76
2026-08-31,Hestia,Member,5206762,43,12499,113922,100
2026-08-31,Isolde,Member,5071073,40,3988,43228,26
2026-08-31,Jorund,Member,5328778,47,2474,12778,27
2026-08-31,Kaelith,Member,6243082,47,12487,71169,100
2026-08-31,Lyra,Member,2852600,47,7290,33827,53
2026-08-31,Marek,Member,5363474,49,2288,17004,37
2026-08-31,Nyssa,Member,8703044,42,7173,53821,95
2026-08-31,Orin,Member,4223368,53,5801,39431,37
2026-08-31,Pella,Member,7985400,52,3879,40633,41
2026-08-31,Quill,Member,3941075,50,11035,76570,94
2026-08-31,Rowan,Member,8409484,40,4675,22644,42
2026-08-31,Sable,Member,8621050,42,3954,70478,47
2026-08-31,Theron,Member,8530789,51,7904,46631,67
2026-08-31,Ulric,Member,8895032,52,7848,92460,76
2026-08-31,Vesper,Member,9845531,44,2844,41626,30
2026-08-31,Wren,Member,7977107,54,3877,36133,32
2026-08-31,Xander,Member,7718504,47,7354,86462,63
2026-09-07,Aldric,Leader,7758309,42,3688,41249,50
2026-09-07,Brynja,Officer,4502004,42,9086,57660,70
2026-09-07,Caelum,Officer,7692638,41,3006,32774,25
2026-09-07,Dorian,Officer,3054838,42,6976,22759,56
2026-09-07,Elowen,Member,8009441,43,8513,65463,72
2026-09-07,Fenris,Member,6348815,42,4308,44793,39
2026-09-07,Garrick,Member,2542725,52,5975,48753,72
2026-09-07,Hestia,Member,5313353,44,7539,84131,90
2026-09-07,Isolde,Member,5158687,40,2508,20408,31
2026-09-07,Jorund,Member,5416763,47,2324,18138,23
2026-09-07,Kaelith,Member,6317228,47,10614,74126,66
2026-09-07,Lyra,Member,2901212,47,6505,56162,59
2026-09-07,Marek,Member,5492685,50,2278,30514,32
2026-09-07,Nyssa,Member,9125601,43,12513,132249,72
2026-09-07,Orin,Member,4267732,53,4653,58973,46
2026-09-07,Pella,Member,8235929,52,7515,46516,52
2026-09-07,Quill,Member,4016772,50,6205,135220,70
2026-09-07,Rowan,Member,8774407,40,3428,16550,32
2026-09-07,Sable,Member,8703030,43,5480,62312,40
2026-09-07,Theron,Member,8747798,52,10161,57038,61
2026-09-07,Ulric,Member,8978256,52,9479,52659,80
2026-09-07,Vesper,Member,10139833,44,4423,14942,26
2026-09-07,Wren,Member,8226534,54,4785,32122,39
2026-09-07,Xander,Member,8000195,47,6172,76820,65
2026-09-14,Aldric,Leader,7852020,42,5918,40583,34
2026-09-14,Brynja,Officer,4631492,42,10095,88702,54
2026-09-14,Caelum,Officer,8019735,41,3454,15778,24
2026-09-14,Dorian,Officer,3114934,42,5971,55150,63
2026-09-14,Elowen,Member,8416188,43,7790,61220,65
2026-09-14,Fenris,Member,6456171,43,4636,43824,53
2026-09-14,Garrick,Member,2683784,52,7670,34848,65
2026-09-14,Hestia,Member,5440050,44,9909,40070,88
2026-09-14,Isolde,Member,5223276,41,3295,39225,36
2026-09-14,Jorund,Member,5495196,47,4493,23611,32
2026-09-14,Kaelith,Member,6376086,47,10389,71187,77
2026-09-14,Lyra,Member,2933591,47,5801,37794,55
2026-09-14,Marek,Member,5622134,50,4138,26043,28
2026-09-14,Nyssa,Member,9624046,43,7913,96429,84
2026-09-14,Orin,Member,4352929,53,6529,32412,40
2026-09-14,Pella,Member,8497217,52,7633,49660,39
2026-09-14,Quill,Member,4118611,50,10273,112763,83
2026-09-14,Rowan,Member,9071219,40,5142,41491,45
2026-09-14,Sable,Member,8900135,43,4500,57960,58
2026-09-14,Theron,Member,9004965,52,7694,62607,75
2026-09-14,Ulric,Member,9123368,52,8802,29958,95
2026-09-14,Vesper,Member,10359569,45,4475,25375,36
2026-09-14,Wren,Member,8390673,55,5895,19935,45
2026-09-14,Xander,Member,8277980,47,6941,42665,78
2026-09-21,Aldric,Leader,7969433,42,4232,58173,35
2026-09-21,Brynja,Officer,4735372,42,10478,72030,77
2026-09-21,Caelum,Officer,8271553,42,3606,15795,31
2026-09-21,Dorian,Officer,3199333,43,9033,28924,61
2026-09-21,Elowen,Member,8626132,43,8412,39487,57
2026-09-21,Fenris,Member,6703701,43,3944,60203,37
2026-09-21,Garrick,Member,2792724,53,6381,37378,69
2026-09-21,Hestia,Member,5509545,44,6407,111358,100
2026-09-21,Isolde,Member,5280503,41,4285,24845,30
2026-09-21,Jorund,Member,5664768,47,2270,20921,27
2026-09-21,Kaelith,Member,6452168,47,5842,72740,87
2026-09-21,Lyra,Member,3009172,47,4737,94840,76
2026-09-21,Marek,Member,5761675,50,2749,45901,27
2026-09-21,Nyssa,Member,9895849,44,12062,58137,100
2026-09-21,Orin,Member,4422988,53,4753,21721,49
2026-09-21,Pella,Member,8620539,53,6778,41608,42
2026-09-21,Quill,Member,4207136,50,9889,116924,98
2026-09-21,Rowan,Member,9307192,40,4175,35451,35
2026-09-21,Sable,Member,8990671,43,4045,44469,55
2026-09-21,Theron,Member,9435128,52,9811,77773,79
2026-09-21,Ulric,Member,9180745,52,8511,80109,84
2026-09-21,Vesper,Member,10652217,45,4745,23165,27
2026-09-21,Wren,Member,8561231,55,4757,43121,35
2026-09-21,Xander,Member,8489589,47,10086,61175,56
2026-09-28,Aldric,Leader,8017242,43,4942,20359,51
2026-09-28,Brynja,Officer,4854147,42,8891,77974,77
2026-09-28,Caelum,Officer,8453567,42,2194,33821,34
2026-09-28,Dorian,Officer,3247495,43,5611,65285,57
2026-09-28,Elowen,Member,8913682,43,7125,101367,75
2026-09-28,Fenris,Member,6808799,44,6892,32546,50
2026-09-28,Garrick,Member,2862508,54,8863,110585,56
2026-09-28,Hestia,Member,5584027,44,12073,88756,100
2026-09-28,Isolde,Member,5356822,41,4655,22417,27
2026-09-28,Jorund,Member,5828049,48,4305,23257,30
2026-09-28,Kaelith,Member,6577783,48,12384,31416,79
2026-09-28,Lyra,Member,3093410,47,4535,38722,55
2026-09-28,Marek,Member,5855551,51,2273,33004,29
2026-09-28,Nyssa,Member,10338745,44,7733,48086,100
2026-09-28,Orin,Member,4494954,53,5573,15924,44
2026-09-28,Pella,Member,8811688,53,5600,40426,40
2026-09-28,Quill,Member,4303557,51,7886,108667,79
2026-09-28,Rowan,Member,9785239,40,4078,44729,31
2026-09-28,Sable,Member,9169340,43,6409,67335,44
2026-09-28,Theron,Member,9724921,53,6838,69689,77
2026-09-28,Ulric,Member,9272034,52,7079,91732,85
2026-09-28,Vesper,Member,10922531,46,2320,16564,34
2026-09-28,Wren,Member,8850479,56,2913,61808,41
2026-09-28,Xander,Member,8940418,47,9866,81170,74
